subject_id,group,device_num,side,device_label,mac_address,date,session_label,fs_hz,duration_s,mean_percent_mvc,max_percent_mvc,min_percent_mvc,iemg_percent_seconds,apdf_p10,apdf_p50,apdf_p90
80,1,#001,left,mBAN_left,588E81A24A27,2025-09-24,09-30-01,1000,1197.329,35.41954778218852,295.11122675181684,2.0373290081739044,42408.83897908993,6.4151228858339895,34.510657978393446,58.249438948451534
80,1,#001,left,mBAN_left,588E81A24A27,2025-09-24,10-30-00,1000,1180.13,44.49881425552017,234.33774153265415,1.9995446594904969,52514.340722926725,25.70510448205665,42.89479211328493,65.72026965836345
80,1,#001,left,mBAN_left,588E81A24A27,2025-09-24,12-30-00,1000,1185.603,22.581351151964906,184.007457384209,1.9517061919624041,26772.490996234766,2.5828199180117175,22.607786621910407,46.03324116933681
80,1,#001,left,mBAN_left,588E81A24A27,2025-09-24,13-30-00,1000,975.603,21.987758791012908,224.13232196578963,1.8824613676157276,21451.286547125404,2.5929772199438537,19.201860120623422,47.21760468371524
80,1,#001,right,mBAN_right,886B0FABF921,2025-09-24,09-30-01,1000,1196.272,30.727443004383435,164.8970709366945,1.4982850310959244,36758.374414527105,5.437358106300004,26.44752924018313,62.51564163917154
80,1,#001,right,mBAN_right,886B0FABF921,2025-09-24,10-30-00,1000,1044.432,29.30392130673882,180.4206699933012,1.3432928404847162,30605.91587481867,6.869136715557272,23.05158714299877,60.05945921689737
80,1,#001,right,mBAN_right,886B0FABF921,2025-09-24,12-30-00,1000,1191.96,17.251247933101666,141.97427841331952,1.354789557801247,20562.749566973314,1.7331899762620817,7.088547098596955,47.44347937059736
80,1,#001,right,mBAN_right,886B0FABF921,2025-09-24,13-30-00,1000,996.566,25.117731443353932,156.30965709243492,1.3488472840038503,25031.45601055139,2.4186035705217104,18.464847229286352,59.100542181865556
85,2,#003,right,mBAN_right,84FD27E50653,2025-09-29,15-30-01,1000,1161.57,7.5150822390904155,96.15430058708347,3.661384069331206,8729.287842010066,4.516716442406508,5.197797319435917,13.530530020766125
85,2,#003,right,mBAN_right,84FD27E50653,2025-09-29,17-30-00,1000,1189.176,11.309807507513694,96.4350290554266,3.9503163283111604,13449.334999660856,5.655365456985009,10.321030912808592,18.25988507066684
85,2,#003,right,mBAN_right,84FD27E50653,2025-09-29,18-30-00,1000,1162.187,9.076396804445729,123.5853570740566,3.8284189143409786,10548.46449595845,4.831115599099409,5.772930632896381,19.025915560842968
85,2,#003,right,mBAN_right,84FD27E50653,2025-09-29,19-30-00,1000,1195.093,10.240159707959151,139.90609689331333,3.97950126060546,12237.928374415349,5.250891177244835,6.648768209393252,18.438171573973307
85,2,#003,left,mBAN_left,886B0FABF79E,2025-09-29,15-30-01,1000,1191.908,9.446512469024814,53.40783912437922,5.379977609423679,11259.36171870191,6.762437995235056,8.237997151507123,12.718318238648338
85,2,#003,left,mBAN_left,886B0FABF79E,2025-09-29,17-30-00,1000,1198.193,9.769195975740184,119.69624689564145,5.3516181440249015,11705.36662664438,6.5761061623503645,7.988280271838256,16.02728797355634
85,2,#003,left,mBAN_left,886B0FABF79E,2025-09-29,18-30-00,1000,1195.432,9.35763323677408,73.3369926459142,5.446691183065358,11186.406887022345,6.6954137943654315,7.930752648974812,13.1909143342085
85,2,#003,left,mBAN_left,886B0FABF79E,2025-09-29,19-30-00,1000,1190.139,10.649613419260671,114.71551510266286,5.111311786508548,12674.510886441298,6.643281831891952,8.811687511426795,16.09554587977847
85,2,#003,right,mBAN_right,84FD27E50653,2025-09-30,15-00-00,1000,1189.021,6.390137432128763,76.33958129940153,1.6743978166042655,7597.996234147325,2.187160716842532,3.4062517973719073,13.983377117197055
85,2,#003,right,mBAN_right,84FD27E50653,2025-09-30,16-30-00,1000,1178.084,8.425531090321474,49.039492689287464,1.6618284244991681,9925.974499047796,3.2134543484344906,7.824070845393938,12.908156750207342
85,2,#003,right,mBAN_right,84FD27E50653,2025-09-30,17-30-00,1000,1098.468,3.1884839423463274,56.41940780821061,1.6493510780900524,3502.4446145912543,2.0847258882241544,2.357827011155599,3.3252520009745967
85,2,#003,right,mBAN_right,84FD27E50653,2025-09-30,19-00-00,1000,1069.923,6.3151689331667455,103.18069542080896,1.727841229686855,6756.729567719836,2.2314452086934518,3.596294255830732,13.611995027093155
85,2,#003,left,mBAN_left,886B0FABF79E,2025-09-30,15-00-00,1000,1192.278,5.589285918188992,55.636442687310314,1.492832842959636,6663.95463613569,1.863573387764015,3.2420386999118893,11.758368776219037
85,2,#003,left,mBAN_left,886B0FABF79E,2025-09-30,16-30-00,1000,1198.326,5.690487402122176,53.17594136402618,1.4932423643328165,6819.054666938537,2.0186265614966175,4.432184186103946,10.259977494799521
85,2,#003,left,mBAN_left,886B0FABF79E,2025-09-30,17-30-00,1000,1194.473,2.712240194186308,67.8338703775583,1.430328473989868,3239.6958803444645,1.771538021847736,2.022162385548978,3.023554525366572
85,2,#003,left,mBAN_left,886B0FABF79E,2025-09-30,19-00-00,1000,1054.514,6.7796125568498535,67.66500740970962,1.6224544281942668,7149.179537043006,2.518889733450666,5.501726504053803,12.027392023670945
85,2,#003,right,mBAN_right,84FD27E50653,2025-10-01,09-15-00,1000,1190.732,17.499566316455493,198.21459770055333,4.53215784809201,20837.283542930978,6.481712870399806,13.395048865187245,33.211284546954225
85,2,#003,right,mBAN_right,84FD27E50653,2025-10-01,10-30-00,1000,1182.47,12.686322269158811,127.49038863424067,4.505962487281838,15001.180989948747,5.750868383365225,10.169594666238076,22.019822564917707
85,2,#003,right,mBAN_right,84FD27E50653,2025-10-01,11-45-00,1000,1158.88,17.58931712844134,216.53696876750536,4.730781844399312,20383.891024852623,7.604663244778489,16.01752836109887,28.389344081661733
85,2,#003,right,mBAN_right,84FD27E50653,2025-10-01,12-30-00,1000,1136.477,19.48150769095382,159.86256998088885,4.975207075196488,22140.26846980727,7.366376541862979,16.154064353146186,36.21078577559704
85,2,#003,left,mBAN_left,886B0FABF79E,2025-10-01,09-15-00,1000,1152.868,7.903049371871993,61.680468453420836,2.14917159538434,9111.168871647107,3.061455431927558,5.641758401923521,14.960688959239524
85,2,#003,left,mBAN_left,886B0FABF79E,2025-10-01,10-30-00,1000,1178.533,5.183130062862781,99.52554659241757,2.026497096440991,6108.468938431463,2.585343353300212,3.780377527155987,8.750435862837595
85,2,#003,left,mBAN_left,886B0FABF79E,2025-10-01,11-45-00,1000,1196.428,9.601794071150612,111.46071860383351,2.1822032005587686,11487.84949876814,3.5794615109974117,7.793314016567981,18.56234752668939
85,2,#003,left,mBAN_left,886B0FABF79E,2025-10-01,12-30-00,1000,1167.586,10.487763129138143,70.01400840435366,2.098501938585398,12245.348991020395,3.2249283214453204,6.743852081426313,23.945378659167986
85,2,#003,right,mBAN_right,84FD27E50653,2025-10-02,15-30-00,1000,1191.86,10.679418981733255,116.72759984316173,1.4500713146659434,12728.353378941636,2.566315558426588,8.93148737226938,20.578417633590526
85,2,#003,right,mBAN_right,84FD27E50653,2025-10-02,17-00-00,1000,1188.304,11.764495618773227,117.90696806515805,1.3737395772812089,13979.79196328047,2.519051803889234,9.796952820555358,23.2831959395165
85,2,#003,right,mBAN_right,84FD27E50653,2025-10-02,18-00-00,1000,1169.776,9.558080032797866,76.73148920296354,1.469374095981911,11180.809955630357,1.9782196803877448,7.662649918417817,19.46081243791044
85,2,#003,right,mBAN_right,84FD27E50653,2025-10-02,19-00-00,1000,470.558,5.454380019160234,81.62078757237657,1.5347084363513956,2566.6000053874814,1.8751455807483104,2.6149431400152907,15.542831771747164
85,2,#003,left,mBAN_left,886B0FABF79E,2025-10-02,15-30-00,1000,1186.723,7.762854472882958,66.54133905791039,2.8231167856296406,9212.354031005165,3.7078262224348943,5.385990135676833,15.747986613345986
85,2,#003,left,mBAN_left,886B0FABF79E,2025-10-02,17-00-00,1000,1091.264,10.680404580173345,74.77320248548222,3.0176119601360996,11655.132368071356,4.1995546815742495,8.503999312454845,20.145824892731795
85,2,#003,left,mBAN_left,886B0FABF79E,2025-10-02,18-00-00,1000,1192.562,10.74108516271207,82.39159059710566,3.010514227575869,12809.404257530086,4.438875568574426,8.336503117596694,20.611856281734415
85,2,#003,left,mBAN_left,886B0FABF79E,2025-10-02,19-00-00,1000,1188.229,7.851575618558158,93.76042865463634,3.04843875408348,9329.464982429614,3.8091066586281466,5.170547165439762,16.00251095611259
85,2,#003,right,mBAN_right,84FD27E50653,2025-10-03,12-30-00,1000,1185.718,10.0221402140739,100.69906729534333,2.4129832534633224,11883.423683567169,3.220201538651118,6.766596506494513,22.477459031420267
85,2,#003,right,mBAN_right,84FD27E50653,2025-10-03,13-00-00,1000,1179.205,9.568822456631157,68.99487705494528,2.6287508822336343,11283.588627594585,3.4144045115566093,5.074146800465547,23.29764848940811
85,2,#003,right,mBAN_right,84FD27E50653,2025-10-03,14-30-00,1000,1177.619,8.990994509219949,59.033454652666286,2.420215877191469,10587.958583073414,3.4657302276367634,7.295647877383192,16.673967602695058
85,2,#003,right,mBAN_right,84FD27E50653,2025-10-03,16-00-00,1000,433.457,6.981719161548718,68.7244416847002,2.681056426499576,3026.269974383711,3.548794634338293,5.959636715845522,10.270544022661573
85,2,#003,left,mBAN_left,886B0FABF79E,2025-10-03,12-30-00,1000,1191.345,12.298991409117374,84.51159436628498,2.575396139096157,14652.336296291745,3.3106604819958374,7.796146955086937,28.217612062728687
85,2,#003,left,mBAN_left,886B0FABF79E,2025-10-03,13-00-00,1000,1189.645,13.464384554100427,81.95515243293866,2.5925984148407744,16017.808736065417,3.496690259649947,9.468747721932113,29.022711939290996
85,2,#003,left,mBAN_left,886B0FABF79E,2025-10-03,14-30-00,1000,1187.854,11.692880619498876,82.42155865505215,2.5616278632490697,13889.42968100511,3.460727782762112,7.713432751233961,25.790660556208532
85,2,#003,left,mBAN_left,886B0FABF79E,2025-10-03,16-00-00,1000,1198.541,8.72926492370559,74.7625070887641,2.5505039066079918,10462.371838355328,3.243920698079561,4.756982480437446,20.249277831293714
107,4,#007,left,mBAN_left,588E81A24A2B,2025-10-13,11-30-00,1000,1195.916,2.262340275249798,45.751873168042536,0.6017099523356862,2705.559876973351,0.751048192497042,0.9186384607773933,4.993198003299892
107,4,#007,left,mBAN_left,588E81A24A2B,2025-10-13,12-30-01,1000,1155.785,5.902904906708983,96.67292867054292,0.6281367749396087,6822.482060631155,0.9217278883424705,3.659978085071939,12.746009316891216
107,4,#007,left,mBAN_left,588E81A24A2B,2025-10-13,14-30-00,1000,1196.758,3.109962577937281,67.70976828532426,0.6290639022036699,3721.867167190131,0.7892046822224448,1.083904725565259,7.923201457993829
107,4,#007,left,mBAN_left,588E81A24A2B,2025-10-13,15-30-00,1000,1192.966,3.5681947419546107,57.74255640444442,0.6376624500592512,4256.72397783057,0.7778312802705396,1.0342538505916605,10.314158032658424
107,4,#007,right,mBAN_right,84FD27E506E8,2025-10-13,11-30-00,1000,1191.308,5.459855373723256,70.50855851329494,2.934691206211094,6504.364486897937,3.615286617041251,4.037291407251681,8.027983863701046
107,4,#007,right,mBAN_right,84FD27E506E8,2025-10-13,12-30-01,1000,1174.16,7.933650411049932,112.48809239712702,3.0274937704354037,9315.37033829739,3.734219006249498,5.159384216717097,15.639996964062828
107,4,#007,right,mBAN_right,84FD27E506E8,2025-10-13,14-30-00,1000,1191.56,6.06610551423064,68.06227889658736,3.0656973476580562,7228.124061064162,3.6818849781706375,4.121590590973691,12.15187166416161
107,4,#007,right,mBAN_right,84FD27E506E8,2025-10-13,15-30-00,1000,1187.491,8.375075331182732,72.80240164887458,3.0068342778407553,9945.319996161808,3.693822726478033,4.594714556556822,17.651380806009648
107,4,#007,left,mBAN_left,588E81A24A2B,2025-10-14,15-00-01,1000,1095.064,2.9785999235732645,49.3564982383192,0.3680914270636538,3261.7551975138867,0.48731164757157724,0.9944626497301141,7.358753234051757
107,4,#007,left,mBAN_left,588E81A24A2B,2025-10-14,16-00-00,1000,1195.223,5.4406316056921264,44.852017054709044,0.37447275019149157,6502.758592252765,0.4686594686772157,3.755895817705203,12.73476859065972
107,4,#007,left,mBAN_left,588E81A24A2B,2025-10-14,17-00-00,1000,1198.635,2.2641839126775247,46.23400451250702,0.3672448143033133,2713.9273051777855,0.47159868791328796,0.8391828916433806,5.795842929939644
107,4,#007,left,mBAN_left,588E81A24A2B,2025-10-14,18-00-00,1000,1197.224,2.9789111567414053,42.4829564390451,0.3904247205128881,3566.4212111861852,0.5092733507902188,1.119689981719826,7.786590961594708
107,4,#007,right,mBAN_right,84FD27E506E8,2025-10-14,15-00-01,1000,1187.272,1.6593526872760724,23.148150019940086,0.679960982490358,1970.1019945402254,0.8109933923021573,0.9973771804473697,3.7093959703077073
107,4,#007,right,mBAN_right,84FD27E506E8,2025-10-14,16-00-00,1000,1146.847,2.299791182676134,30.588194138896057,0.6666011275657309,2637.505245145753,0.8079899094584736,1.054039082195656,5.339754643497018
107,4,#007,right,mBAN_right,84FD27E506E8,2025-10-14,17-00-00,1000,1155.783,1.8164087623195524,39.37427165645494,0.6534513370671619,2099.3727145095263,0.8137584553350828,1.1115662474746906,2.88678095965895
107,4,#007,right,mBAN_right,84FD27E506E8,2025-10-14,18-00-00,1000,1169.476,2.041586872904827,18.03512734532772,0.6309760972272551,2387.5857034655737,0.8149177699213808,1.1464361611236051,4.251487558310397
107,4,#007,left,mBAN_left,588E81A24A2B,2025-10-15,10-30-00,1000,1194.478,3.1068154156513437,91.94185237983605,0.66187710968667,3711.01713488732,0.8922459572140763,1.5653347274932141,6.636370197716971
107,4,#007,left,mBAN_left,588E81A24A2B,2025-10-15,12-00-01,1000,1193.211,2.0501358468898347,32.94640110217247,0.729751749023945,2446.235617662488,0.9089148192750511,1.2832669778418773,3.7743930440182845
107,4,#007,left,mBAN_left,588E81A24A2B,2025-10-15,14-30-00,1000,1193.345,3.829019888577085,44.28463857028754,0.758194588352288,4569.333727568988,0.9742669830440032,1.4520773049900686,9.329550674789882
107,4,#007,left,mBAN_left,588E81A24A2B,2025-10-15,15-30-00,1000,1104.594,3.63144591800859,77.76267194644724,0.7620474620312938,4011.2706505496335,1.0804747120948401,2.635267625583438,6.527188326347319
107,4,#007,left,mBAN_left,588E81A24A2B,2025-10-16,11-30-00,1000,1189.85,3.303450440665457,37.027109221291674,0.43669597123761694,3930.6077886738403,0.5654976539236125,0.8718608648040087,8.748756074685584
107,4,#007,left,mBAN_left,588E81A24A2B,2025-10-16,12-30-00,1000,1133.636,2.2824918088090724,37.035236507278576,0.4136350949276098,2587.5117923250955,0.5423294256999331,0.969735370480737,5.4975712057255235
107,4,#007,left,mBAN_left,588E81A24A2B,2025-10-16,14-30-00,1000,1126.823,2.419783661100764,34.1059466500648,0.44400258057907893,2726.664073863957,0.5927045562703614,0.7066378900158035,7.074031021969384
107,4,#007,left,mBAN_left,588E81A24A2B,2025-10-16,15-30-00,1000,1193.384,3.154770973107175,38.75445700705194,0.41798590003331104,3764.8473791228903,0.5600801099978753,1.81358826729578,7.3278166703899
107,4,#007,right,mBAN_right,84FD27E506E8,2025-10-16,11-30-00,1000,1190.974,4.024895040201739,42.872697889139786,0.642915995798278,4793.541555254139,0.7857991540370363,2.688342621885246,8.550904439978565
107,4,#007,right,mBAN_right,84FD27E506E8,2025-10-16,12-30-00,1000,1166.122,1.8830975605094125,25.93476225054833,0.6078897597852626,2195.920329646385,0.773327105158546,0.9136114543303846,4.687238886545264
107,4,#007,right,mBAN_right,84FD27E506E8,2025-10-16,14-30-00,1000,1197.341,1.8252962791224592,42.81074520057493,0.6081829962758388,2185.500767241466,0.7918412895686693,0.9190631221021144,4.4241325346055485
107,4,#007,left,mBAN_left,588E81A24A2B,2025-10-17,09-00-00,1000,1103.263,1.8507491551087514,27.746638009392218,0.5259634396044468,2041.8620776438281,0.6818772764812014,1.049533189276654,3.662351728780844
107,4,#007,left,mBAN_left,588E81A24A2B,2025-10-17,10-30-00,1000,1119.761,2.8687061656950323,46.510169298916374,0.5169497195126302,3212.2612399315167,0.7743308077221119,1.679946996570076,6.335348542092688
107,4,#007,left,mBAN_left,588E81A24A2B,2025-10-17,12-00-00,1000,1192.062,2.545187306700257,32.83837800925666,0.5566957443837754,3034.0166857666795,0.758042842985026,1.4407323926533018,5.650653993828817
107,4,#007,left,mBAN_left,588E81A24A2B,2025-10-17,13-30-00,1000,1122.866,4.326973110077606,33.80714615174723,0.5646230682778215,4858.6075788099515,0.7484032056539046,2.9320023629949308,10.683859247420575
107,4,#007,right,mBAN_right,84FD27E506E8,2025-10-17,09-00-00,1000,1196.313,1.1087858587241928,15.677505879685333,0.6636005528573903,1326.4540382245482,0.80443688312371,0.8915373781035719,1.4010420878126892
107,4,#007,right,mBAN_right,84FD27E506E8,2025-10-17,10-30-00,1000,1144.3,1.753941890851645,21.494329607468575,0.6638689990615548,2007.0344762149912,0.8587267157017141,1.1180914632894998,3.5995894367054206
107,4,#007,right,mBAN_right,84FD27E506E8,2025-10-17,12-00-00,1000,1186.892,1.6931235068938424,15.470479022627092,0.7182760404565997,2009.5536656638203,0.8971869596319999,1.3295710800076925,2.9671568421882384
